still,1
waters,1
those,1
humbled,1
often,1
transition.,1
day,1
subject,1
throughout,1
"inevitable,",1
schools,1
strengthen,1
grateful,1
americans,1
tides,1
not,1
been.,1
because,2
threaten,1
oath.,1
america,1
by,2
must,2
"crisis,",1
you,1
new,1
ways,1
sacrifices,1
understood.,1
economy,1
clouds,1
planet.,1
stand,1
for,3
nagging,1
presidential,1
spoken,1
words,1
"war,",1
shown,1
faithful,1
too,2
in,2
statistics.,1
costly;,1
with,1
task,1
"yet,",1
evidence,1
energy,1
raging,1
be,1
these,2
today,1
age.,1
shuttered.,1
prosperity,1
remained,1
"us,",1
borne,1
gathering,1
"moments,",1
decline,1
next,1
network,1
america's,1
"bestowed,",1
during,1
greed,1
is,7
on,2
prepare,1
but,3
carried,1
each,1
trust,1
peace.,1
people,1
use,1
choices,1
it,2
data,1
its,1
irresponsibility,1
now,2
have,5
many;,1
-,1
nation,2
failure,1
our,12
consequence,1
violence,1
fellow,1
the,17
care,1
brings,1
across,1
oath,1
fear,1
badly,1
health,1
my,1
high,1
generation,2
crisis,1
confidence,1
simply,1
collective,1
skill,1
thank,1
make,1
hard,1
far-reaching,1
sapping,1
further,1
forty-four,1
i,2
taken,2
shed;,1
cooperation,1
"office,",1
vision,1
rising,1
founding,1
fail,1
and,11
mindful,1
hatred.,1
here,1
been,2
"weakened,",1
every,1
businesses,1
are,2
"nation,",1
part,1
against,1
of,13
jobs,1
president,1
americans.,1
no,1
indicators,1
land,1
lower,1
amidst,1
service,1
"forbearers,",1
at,2
well,2
storms.,1
before,1
that,4
sights.,1
adversaries,1
bush,1
so,3
"some,",1
lost;,1
a,5
as,2
this,2
citizens:,1
his,1
has,3
documents.,1
profound,1
generosity,1
or,1
to,5
true,1
ideals,1
also,1
measurable,1
we,3
midst,1
less,2
ancestors.,1
he,1
homes,1
